totalNum,order,pre1,pre2,pre3,pre7,weather,holidayType,weekType,classifier,weekday
12354,5647,6638,8427,10053,7474,0,1,0,6,3
36581,6636,12354,6638,8427,8238,0,1,0,6,4
41250,5984,36581,12354,6638,6670,0,1,0,6,5
40138,5114,41250,36581,12354,10014,0,1,1,6,6
29371,3101,40138,41250,36581,10053,0,1,1,6,7
18319,2530,29371,40138,41250,8427,0,1,0,6,1
6401,1388,18319,29371,40138,6638,0,1,0,6,2
5710,1848,6401,18319,29371,12354,0,0,0,5,3
6099,1868,5710,6401,18319,36581,0,0,0,5,4
5874,2537,6099,5710,6401,41250,0,0,0,5,5
8628,2220,5874,6099,5710,40138,0,0,1,6,6
8787,1550,8628,5874,6099,29371,0,0,1,6,7
7605,2165,8787,8628,5874,18319,0,0,0,5,1
9725,2623,7605,8787,8628,6401,0,0,0,5,2
9631,3305,9725,7605,8787,5710,0,0,0,5,3
9850,3314,9631,9725,7605,6099,0,0,0,5,4
10669,4783,9850,9631,9725,5874,0,0,0,5,5
20923,4375,10669,9850,9631,8628,0,0,1,6,6
15161,2282,20923,10669,9850,8787,0,0,1,6,7
8854,2932,15161,20923,10669,7605,0,0,0,5,1
7737,2034,8854,15161,20923,9725,0,0,0,5,2
8120,2457,7737,8854,15161,9631,0,0,0,5,3
9398,2978,8120,7737,8854,9850,0,0,0,5,4
10338,3337,9398,8120,7737,10669,0,0,0,5,5
18258,3384,10338,9398,8120,20923,0,0,1,6,6
11981,1088,18258,10338,9398,15161,0,0,1,6,7
6568,1956,11981,18258,10338,8854,0,0,0,5,1
6550,2113,6568,11981,18258,7737,0,0,0,5,2
5884,1343,6550,6568,11981,8120,1,0,0,5,3
4717,1632,5884,6550,6568,9398,1,0,0,5,4
4448,2421,4717,5884,6550,10338,0,0,0,5,5
11210,2397,4448,4717,5884,18258,0,0,1,6,6
11652,1449,11210,4448,4717,11981,0,0,1,6,7
6048,1449,11652,11210,4448,6568,0,0,0,2,1
6395,2119,6048,11652,11210,6550,0,0,0,2,2
5771,2171,6395,6048,11652,5884,0,0,0,2,3
7230,1696,5771,6395,6048,4717,0,0,0,2,4
7453,2892,7230,5771,6395,4448,0,0,0,2,5
12784,2211,7453,7230,5771,11210,0,0,1,6,6
12226,908,12784,7453,7230,11652,0,0,1,6,7
8495,1169,12226,12784,7453,6048,0,0,0,2,1
5190,1091,8495,12226,12784,6395,0,0,0,2,2
5317,1580,5190,8495,12226,5771,0,0,0,2,3
5923,1815,5317,5190,8495,7230,0,0,0,2,4
5673,1264,5923,5317,5190,7453,0,0,0,2,5
10434,1177,5673,5923,5317,12784,0,0,1,6,6
7209,487,10434,5673,5923,12226,0,0,1,6,7
3796,1142,7209,10434,5673,8495,0,0,0,2,1
4216,922,3796,7209,10434,5190,0,0,0,2,2
4108,1113,4216,3796,7209,5317,0,0,0,2,3
3889,1259,4108,4216,3796,5923,0,0,0,2,4
5489,1732,3889,4108,4216,5673,0,0,0,2,5
9564,1087,5489,3889,4108,10434,0,0,1,6,6
5590,518,9564,5489,3889,7209,0,0,1,6,7
2255,507,5590,9564,5489,3796,1,0,0,2,1
1443,542,2255,5590,9564,4216,0,0,0,2,2
3440,834,1443,2255,5590,4108,0,0,0,2,3
3273,641,3440,1443,2255,3889,0,0,0,2,4
3404,821,3273,3440,1443,5489,0,0,0,2,5
3402,445,3404,3273,3440,9564,1,0,1,6,6
1746,546,3402,3404,3273,5590,0,0,1,6,7
3383,1184,1746,3402,3404,2255,0,0,0,1,1
2599,701,3383,1746,3402,1443,0,0,0,1,2
1810,628,2599,3383,1746,3440,0,0,0,1,3
2781,561,1810,2599,3383,3273,0,0,0,1,4
3148,1160,2781,1810,2599,3404,0,0,0,1,5
6770,621,3148,2781,1810,3402,0,0,1,6,6
4265,269,6770,3148,2781,1746,0,0,1,6,7
1984,527,4265,6770,3148,3383,0,0,0,1,1
1945,587,1984,4265,6770,2599,0,0,0,1,2
1635,492,1945,1984,4265,1810,0,0,0,1,3
1601,492,1635,1945,1984,2781,0,0,0,1,4
2788,741,1601,1635,1945,3148,0,0,0,1,5
5517,1373,2788,1601,1635,6770,0,0,1,6,6
3899,221,5517,2788,1601,4265,0,0,1,6,7
1392,364,3899,5517,2788,1984,0,0,0,1,1
1482,339,1392,3899,5517,1945,0,0,0,1,2
1623,479,1482,1392,3899,1635,0,0,0,1,3
1617,229,1623,1482,1392,1601,0,0,0,1,4
2016,432,1617,1623,1482,2788,0,0,0,1,5
5058,251,2016,1617,1623,5517,0,0,1,6,6
3056,332,5058,2016,1617,3899,0,0,1,6,7
1421,350,3056,5058,2016,1392,0,0,0,1,1
1249,253,1421,3056,5058,1482,0,0,0,1,2
1553,230,1249,1421,3056,1623,0,0,0,1,3
2068,225,1553,1249,1421,1617,0,0,0,1,4
2173,762,2068,1553,1249,2016,0,0,0,1,5
4262,458,2173,2068,1553,5058,0,0,1,6,6
2804,246,4262,2173,2068,3056,0,0,1,6,7
2405,390,2804,4262,2173,1421,0,0,0,1,1
2203,693,2405,2804,4262,1249,0,0,0,1,2
3598,1171,2203,2405,2804,1553,0,1,0,1,3
7723,1978,3598,2203,2405,2068,0,1,0,1,4
13565,1977,7723,3598,2203,2173,0,1,0,1,5
4254,1977,13565,7723,3598,4262,0,0,1,6,6
1568,1976,4254,13565,7723,2804,0,0,1,6,7
1781,1975,1568,4254,13565,2405,1,0,0,1,1
946,1975,1781,1568,4254,2203,0,0,0,1,2
1478,1974,946,1781,1568,3598,0,0,0,1,3
1460,1973,1478,946,1781,7723,0,0,0,1,4
1580,1972,1460,1478,946,13565,0,0,0,1,5
4028,1972,1580,1460,1478,4254,0,0,1,6,6
2345,1971,4028,1580,1460,1568,0,0,1,6,7
1234,1970,2345,4028,1580,1781,0,0,0,1,1
1127,1970,1234,2345,4028,946,0,0,0,1,2
1445,1969,1127,1234,2345,1478,0,0,0,1,3
2508,1968,1445,1127,1234,1460,0,0,0,1,4
2297,1967,2508,1445,1127,1580,0,0,0,1,5
4949,1967,2297,2508,1445,4028,0,0,1,6,6
2784,1966,4949,2297,2508,2345,0,0,1,6,7
1855,1965,2784,4949,2297,1234,0,0,0,1,1
1876,1965,1855,2784,4949,1127,0,0,0,1,2
1419,1964,1876,1855,2784,1445,0,0,0,1,3
1892,1963,1419,1876,1855,2508,0,0,0,1,4
2294,1962,1892,1419,1876,2297,0,0,0,1,5
4872,1962,2294,1892,1419,4949,0,0,1,6,6
2577,1961,4872,2294,1892,2784,0,0,1,6,7
1483,1960,2577,4872,2294,1855,0,0,0,1,1
1093,1960,1483,2577,4872,1876,1,0,0,1,2
1160,1959,1093,1483,2577,1419,1,0,0,1,3
1470,1958,1160,1093,1483,1892,1,0,0,1,4
1815,1958,1470,1160,1093,2294,0,0,0,1,5
4664,1957,1815,1470,1160,4872,1,0,1,6,6
2747,1956,4664,1815,1470,2577,0,0,1,6,7
1788,1955,2747,4664,1815,1483,0,0,0,1,1
1615,1955,1788,2747,4664,1093,0,0,0,1,2
2192,1954,1615,1788,2747,1160,0,0,0,1,3
2810,1953,2192,1615,1788,1470,0,0,0,1,4
3100,1953,2810,2192,1615,1815,0,0,0,1,5
5908,1952,3100,2810,2192,4664,0,0,1,6,6
4278,1951,5908,3100,2810,2747,0,0,1,6,7
2955,1950,4278,5908,3100,1788,0,0,0,1,1
3418,1950,2955,4278,5908,1615,0,0,0,1,2
3594,1949,3418,2955,4278,2192,0,0,0,1,3
4041,1948,3594,3418,2955,2810,0,0,0,1,4
4301,1948,4041,3594,3418,3100,0,0,0,1,5
4854,1947,4301,4041,3594,5908,0,0,1,6,6
3767,1946,4854,4301,4041,4278,0,0,1,6,7
4241,1946,3767,4854,4301,2955,0,0,0,1,1
3096,1945,4241,3767,4854,3418,0,0,0,1,2
2778,1944,3096,4241,3767,3594,0,0,1,6,3
7267,1943,2778,3096,4241,4041,1,1,1,6,4
17632,1943,7267,2778,3096,4301,0,1,1,6,5
23289,1942,17632,7267,2778,4854,0,1,1,6,6
34440,1941,23289,17632,7267,3767,0,1,1,6,7
24098,1941,34440,23289,17632,4241,0,1,1,6,1
17154,1940,24098,34440,23289,3096,1,1,1,6,2
12227,1939,17154,24098,34440,2778,0,1,1,6,3
10129,1938,12227,17154,24098,7267,1,1,1,6,4
4628,1938,10129,12227,17154,17632,1,0,0,1,5
4041,1937,4628,10129,12227,23289,0,0,1,6,6
9746,1936,4041,4628,10129,34440,0,0,1,6,7
11772,1936,9746,4041,4628,24098,0,0,0,2,1
6714,1935,11772,9746,4041,17154,1,0,0,2,2
3425,1934,6714,11772,9746,12227,1,0,0,2,3
1383,1934,3425,6714,11772,10129,0,0,0,2,4
1643,1933,1383,3425,6714,4628,0,0,0,2,5
2950,1932,1643,1383,3425,4041,1,0,1,6,6
1568,1931,2950,1643,1383,9746,0,0,1,6,7
2126,1931,1568,2950,1643,11772,0,0,0,2,1
2427,1930,2126,1568,2950,6714,0,0,0,2,2
2402,1929,2427,2126,1568,3425,0,0,0,2,3
3220,1929,2402,2427,2126,1383,0,0,0,2,4
4455,1928,3220,2402,2427,1643,1,0,0,2,5
5961,1927,4455,3220,2402,2950,0,0,1,6,6
3560,1926,5961,4455,3220,1568,0,0,1,6,7
2303,1926,3560,5961,4455,2126,0,0,0,2,1
2709,1925,2303,3560,5961,2427,1,0,0,2,2
1914,1924,2709,2303,3560,2402,0,0,0,2,3
3136,1924,1914,2709,2303,3220,0,0,0,2,4
3150,1923,3136,1914,2709,4455,0,0,0,2,5
9605,1922,3150,3136,1914,5961,0,0,1,6,6
9290,1922,9605,3150,3136,3560,0,0,1,6,7
4850,1921,9290,9605,3150,2303,0,0,0,2,1
5957,1920,4850,9290,9605,2709,0,0,0,2,2
6415,1919,5957,4850,9290,1914,0,0,0,2,3
6001,1919,6415,5957,4850,3136,0,0,0,2,4
6365,1918,6001,6415,5957,3150,0,0,0,2,5
15434,1917,6365,6001,6415,9605,0,0,1,6,6
10825,1917,15434,6365,6001,9290,0,0,1,6,7
4163,1916,10825,15434,6365,4850,1,0,0,2,1
6178,1915,4163,10825,15434,5957,0,0,0,2,2
6635,1914,6178,4163,10825,6415,1,0,0,3,3
5421,1914,6635,6178,4163,6001,0,0,0,3,4
5909,1913,5421,6635,6178,6365,1,0,0,3,5
11333,1912,5909,5421,6635,15434,1,1,1,6,6
21159,1912,11333,5909,5421,10825,0,1,1,6,7
4503,1911,21159,11333,5909,4163,1,1,0,3,1
3505,1910,4503,21159,11333,6178,0,0,0,3,2
5646,1910,3505,4503,21159,6635,0,0,0,3,3
7741,1909,5646,3505,4503,5421,0,0,0,3,4
9991,1908,7741,5646,3505,5909,0,0,0,3,5
21459,1907,9991,7741,5646,11333,0,0,1,6,6
17721,1907,21459,9991,7741,21159,0,0,1,6,7
9406,1906,17721,21459,9991,4503,0,0,0,3,1
11463,1905,9406,17721,21459,3505,0,0,0,3,2
10117,1905,11463,9406,17721,5646,0,0,0,3,3
12861,1904,10117,11463,9406,7741,0,0,0,3,4
11977,1903,12861,10117,11463,9991,0,0,0,3,5
20686,1902,11977,12861,10117,21459,1,0,1,6,6
13072,1902,20686,11977,12861,17721,0,0,1,6,7
6907,1901,13072,20686,11977,9406,0,0,0,3,1
11514,1900,6907,13072,20686,11463,0,0,0,3,2
12716,1900,11514,6907,13072,10117,0,0,0,3,3
10359,1899,12716,11514,6907,12861,0,0,0,3,4
10451,1898,10359,12716,11514,11977,0,0,0,3,5
25206,1897,10451,10359,12716,20686,0,0,1,6,6
19107,1897,25206,10451,10359,13072,0,0,1,6,7
10814,1896,19107,25206,10451,6907,0,0,0,3,1
9885,1895,10814,19107,25206,11514,0,0,0,3,2
9703,1895,9885,10814,19107,12716,0,0,0,3,3
10127,1894,9703,9885,10814,10359,0,0,0,3,4
22293,1893,10127,9703,9885,10451,1,1,0,3,5
24519,1893,22293,10127,9703,25206,0,1,1,6,6
12673,1892,24519,22293,10127,19107,0,1,1,6,7
5723,1891,12673,24519,22293,10814,0,0,0,3,1
5883,1890,5723,12673,24519,9885,0,0,0,3,2
5905,1890,5883,5723,12673,9703,0,0,0,3,3
8238,1889,5905,5883,5723,10127,1,0,0,3,4
6261,1888,8238,5905,5883,22293,0,0,0,3,5
17404,1888,6261,8238,5905,24519,0,0,1,6,6
12814,1887,17404,6261,8238,12673,1,0,1,6,7
4476,1886,12814,17404,6261,5723,0,0,0,3,1
11493,1885,4476,12814,17404,5883,0,0,0,3,2
10300,1885,11493,4476,12814,5905,1,0,0,3,3
6585,1884,10300,11493,4476,8238,1,0,0,3,4
5470,1883,6585,10300,11493,6261,0,0,0,3,5
14328,1883,5470,6585,10300,17404,0,0,1,6,6
11514,1882,14328,5470,6585,12814,1,0,1,6,7
4475,1881,11514,14328,5470,4476,0,0,0,3,1
8168,1881,4475,11514,14328,11493,0,0,0,3,2
9248,1880,8168,4475,11514,10300,0,0,0,3,3
8998,1879,9248,8168,4475,6585,0,0,0,3,4
9226,1878,8998,9248,8168,5470,0,0,0,3,5
18165,1878,9226,8998,9248,14328,0,0,1,6,6
13970,1877,18165,9226,8998,11514,0,0,1,6,7
6988,1876,13970,18165,9226,4475,0,0,0,3,1
6568,1876,6988,13970,18165,8168,1,0,0,3,2
5093,1875,6568,6988,13970,9248,1,0,0,3,3
5814,1874,5093,6568,6988,8998,1,0,0,3,4
4870,1873,5814,5093,6568,9226,0,0,0,3,5
9875,1873,4870,5814,5093,18165,0,0,1,6,6
9569,1872,9875,4870,5814,13970,0,0,1,6,7
4058,1871,9569,9875,4870,6988,1,0,0,2,1
3802,1871,4058,9569,9875,6568,0,0,0,2,2
3501,1870,3802,4058,9569,5093,0,0,0,2,3
4755,1869,3501,3802,4058,5814,0,0,0,2,4
8080,1869,4755,3501,3802,4870,0,0,0,2,5
13914,1868,8080,4755,3501,9875,1,0,1,6,6
6264,1867,13914,8080,4755,9569,1,0,1,6,7
2199,1866,6264,13914,8080,4058,1,0,0,2,1
2751,1866,2199,6264,13914,3802,0,0,0,2,2
3692,1865,2751,2199,6264,3501,0,0,0,2,3
7430,1864,3692,2751,2199,4755,0,0,0,2,4
7310,1864,7430,3692,2751,8080,0,0,0,2,5
11567,1863,7310,7430,3692,13914,1,0,1,6,6
6804,1862,11567,7310,7430,6264,1,0,1,2,7
3797,1861,6804,11567,7310,2199,1,0,0,2,1
4164,1861,3797,6804,11567,2751,1,0,0,2,2
3806,1860,4164,3797,6804,3692,0,0,0,2,3
4533,1859,3806,4164,3797,7430,0,0,0,2,4
6671,1859,4533,3806,4164,7310,0,1,0,2,5
10646,1858,6671,4533,3806,11567,1,1,1,2,6
9955,1857,10646,6671,4533,6804,0,1,1,2,7
3904,1857,9955,10646,6671,3797,1,0,0,2,1
4549,1856,3904,9955,10646,4164,0,0,0,2,2
4895,1855,4549,3904,9955,3806,1,0,0,2,3
4248,1854,4895,4549,3904,4533,1,0,0,2,4
4675,1854,4248,4895,4549,6671,0,0,0,2,5
8687,1853,4675,4248,4895,10646,0,0,1,2,6
8075,1852,8687,4675,4248,9955,0,0,1,2,7
5200,1852,8075,8687,4675,3904,0,0,0,2,1
4011,1851,5200,8075,8687,4549,0,0,0,2,2
3641,1850,4011,5200,8075,4895,0,0,0,4,3
7334,1849,3641,4011,5200,4248,0,0,0,4,4
7439,1849,7334,3641,4011,4675,0,0,0,4,5
14103,1848,7439,7334,3641,8687,0,0,1,6,6
9670,1847,14103,7439,7334,8075,1,0,1,6,7
6440,1847,9670,14103,7439,5200,1,0,0,4,1
7942,1846,6440,9670,14103,4011,1,0,0,4,2
6850,1845,7942,6440,9670,3641,0,0,0,4,3
9381,1845,6850,7942,6440,7334,1,0,0,4,4
8044,1844,9381,6850,7942,7439,0,0,0,4,5
10889,1843,8044,9381,6850,14103,0,0,1,6,6
9369,1842,10889,8044,9381,9670,0,0,1,6,7
11540,1842,9369,10889,8044,6440,0,0,0,4,1
13279,1841,11540,9369,10889,7942,0,0,0,4,2
14796,1840,13279,11540,9369,6850,1,0,0,4,3
11844,1840,14796,13279,11540,9381,1,0,0,4,4
10578,1839,11844,14796,13279,8044,0,0,0,4,5
20776,1838,10578,11844,14796,10889,1,0,1,6,6
18184,1837,20776,10578,11844,9369,0,0,1,6,7
11625,1837,18184,20776,10578,11540,1,0,0,4,1
11921,1836,11625,18184,20776,13279,1,0,0,4,2
15321,1835,11921,11625,18184,14796,1,0,0,4,3
11044,1835,15321,11921,11625,11844,1,0,0,4,4
10233,1834,11044,15321,11921,10578,1,0,0,4,5
18610,1833,10233,11044,15321,20776,1,0,1,6,6
17647,1833,18610,10233,11044,18184,0,0,1,6,7
15104,1832,17647,18610,10233,11625,0,0,0,4,1
15850,1831,15104,17647,18610,11921,0,0,0,4,2
17406,1830,15850,15104,17647,15321,0,0,0,4,3
14505,1830,17406,15850,15104,11044,0,0,0,4,4
13576,1829,14505,17406,15850,10233,0,0,0,4,5
23382,1828,13576,14505,17406,18610,0,0,1,6,6
19930,1828,23382,13576,14505,17647,0,0,1,6,7
15569,1827,19930,23382,13576,15104,0,0,0,4,1
16317,1826,15569,19930,23382,15850,0,0,0,4,2
17095,1825,16317,15569,19930,17406,1,0,0,4,3
15731,1825,17095,16317,15569,14505,0,0,0,4,4
16057,1824,15731,17095,16317,13576,1,0,0,4,5
22730,1823,16057,15731,17095,23382,1,0,1,6,6
10904,1823,22730,16057,15731,19930,1,0,1,6,7
8322,1822,10904,22730,16057,15569,0,0,0,4,1
10978,1821,8322,10904,22730,16317,0,0,0,4,2
21825,1820,10978,8322,10904,17095,0,0,0,4,3
17221,1820,21825,10978,8322,15731,1,0,0,4,4
16493,1819,17221,21825,10978,16057,0,0,0,4,5
29590,1818,16493,17221,21825,22730,1,0,1,6,6
20819,1818,29590,16493,17221,10904,1,0,1,6,7
16513,1817,20819,29590,16493,8322,0,0,0,4,1
16229,1816,16513,20819,29590,10978,1,0,0,4,2
19199,1816,16229,16513,20819,21825,1,0,0,4,3
12970,1815,19199,16229,16513,17221,0,0,0,4,4
13688,1814,12970,19199,16229,16493,0,0,0,4,5
26656,1813,13688,12970,19199,29590,0,0,1,6,6
19316,1813,26656,13688,12970,20819,0,0,1,6,7
14814,1812,19316,26656,13688,16513,0,0,0,4,1
15253,1811,14814,19316,26656,16229,0,0,0,4,2
16822,1811,15253,14814,19316,19199,0,0,0,4,3
12813,1810,16822,15253,14814,12970,1,0,0,4,4
10607,1809,12813,16822,15253,13688,1,0,0,4,5
14154,1808,10607,12813,16822,26656,0,0,1,6,6
11663,1808,14154,10607,12813,19316,0,0,1,6,7
6424,1807,11663,14154,10607,14814,0,0,0,4,1
6195,1806,6424,11663,14154,15253,0,0,0,5,2
8609,1806,6195,6424,11663,16822,0,0,0,5,3
19267,1805,8609,6195,6424,12813,1,0,0,5,4
33943,1804,19267,8609,6195,10607,1,0,0,5,5
8699,1804,33943,19267,8609,14154,0,0,1,6,6
6187,1803,8699,33943,19267,11663,0,0,1,6,7
5659,1802,6187,8699,33943,6424,0,0,0,5,1
7279,1801,5659,6187,8699,6195,0,0,0,5,2
7691,1801,7279,5659,6187,8609,0,0,0,5,3
7741,1800,7691,7279,5659,19267,0,0,0,5,4
8834,1799,7741,7691,7279,33943,0,0,0,5,5
16068,1799,8834,7741,7691,8699,0,0,1,6,6
12748,1798,16068,8834,7741,6187,0,0,1,6,7
6831,1797,12748,16068,8834,5659,0,0,0,5,1
7520,1796,6831,12748,16068,7279,0,0,0,5,2
9555,1796,7520,6831,12748,7691,0,0,0,5,3
9438,1795,9555,7520,6831,7741,0,0,0,5,4
8994,1794,9438,9555,7520,8834,0,0,0,5,5
16479,1794,8994,9438,9555,16068,0,0,1,6,6
12640,1793,16479,8994,9438,12748,0,0,1,6,7
6836,1792,12640,16479,8994,6831,0,0,0,5,1
10779,1792,6836,12640,16479,7520,0,0,0,5,2
6003,1791,10779,6836,12640,9555,0,0,0,5,3
6874,1790,6003,10779,6836,9438,0,0,0,5,4
4318,1789,6874,6003,10779,8994,0,0,0,5,5
8561,1789,4318,6874,6003,16479,0,1,1,6,6
7308,1788,8561,4318,6874,12640,0,1,1,6,7
8944,1787,7308,8561,4318,6836,0,1,0,5,1
11227,1787,8944,7308,8561,10779,1,0,0,5,2
6958,1786,11227,8944,7308,6003,0,0,0,5,3
10339,1785,6958,11227,8944,6874,0,1,1,6,4
42690,1784,10339,6958,11227,4318,0,1,1,6,5
47398,1784,42690,10339,6958,8561,0,1,1,6,6
38660,1783,47398,42690,10339,7308,0,1,1,6,7
24732,1782,38660,47398,42690,8944,0,1,1,6,1
15780,1782,24732,38660,47398,11227,0,1,1,6,2
3517,1781,15780,24732,38660,6958,0,1,1,6,3
5222,1780,3517,15780,24732,10339,0,0,0,5,4
6886,1780,5222,3517,15780,42690,0,0,0,5,5
8214,1779,6886,5222,3517,47398,0,0,1,6,6
8925,1778,8214,6886,5222,38660,0,0,1,6,7
7709,1777,8925,8214,6886,24732,0,0,0,5,1
10219,1777,7709,8925,8214,15780,0,0,0,5,2
10032,1776,10219,7709,8925,3517,0,0,0,5,3
10897,1775,10032,10219,7709,5222,0,0,0,5,4
10586,1775,10897,10032,10219,6886,0,0,0,5,5
19774,1774,10586,10897,10032,8214,0,0,1,6,6
14925,1773,19774,10586,10897,8925,0,0,1,6,7
9323,1772,14925,19774,10586,7709,0,0,0,5,1
9798,1772,9323,14925,19774,10219,0,0,0,5,2
10122,1771,9798,9323,14925,10032,0,0,0,5,3
10327,1770,10122,9798,9323,10897,0,0,0,5,4
11171,1770,10327,10122,9798,10586,0,0,0,5,5
19974,1769,11171,10327,10122,19774,0,0,1,6,6
15099,1768,19974,11171,10327,14925,0,0,1,6,7
9495,1768,15099,19974,11171,9323,0,0,0,5,1
8759,1767,9495,15099,19974,9798,0,0,0,5,2
9224,1766,8759,9495,15099,10122,0,0,0,5,3
6636,1765,9224,8759,9495,10327,0,0,0,5,4
7295,1765,6636,9224,8759,11171,0,0,0,5,5
13635,1764,7295,6636,9224,19974,0,0,1,6,6
9462,1763,13635,7295,6636,15099,0,0,1,6,7
6820,1763,9462,13635,7295,9495,0,0,0,2,1
6784,1762,6820,9462,13635,8759,0,0,0,2,2
5591,1761,6784,6820,9462,9224,0,0,0,2,3
5907,1760,5591,6784,6820,6636,0,0,0,2,4
6176,1760,5907,5591,6784,7295,0,0,0,2,5
11453,1759,6176,5907,5591,13635,1,0,1,6,6
6004,1758,11453,6176,5907,9462,0,0,1,6,7
4250,1758,6004,11453,6176,6820,0,0,0,2,1
5175,1757,4250,6004,11453,6784,0,0,0,2,2
3806,1756,5175,4250,6004,5591,1,0,0,2,3
3842,1755,3806,5175,4250,5907,0,0,0,2,4
4017,1755,3842,3806,5175,6176,0,0,0,2,5
11742,1754,4017,3842,3806,11453,0,0,1,6,6
6932,1753,11742,4017,3842,6004,0,0,1,6,7
3057,1753,6932,11742,4017,4250,0,0,0,2,1
3356,1752,3057,6932,11742,5175,0,0,0,2,2
3329,1751,3356,3057,6932,3806,0,0,0,2,3
4231,1751,3329,3356,3057,3842,0,0,0,2,4
6509,1750,4231,3329,3356,4017,0,0,0,2,5
8615,1749,6509,4231,3329,11742,0,0,1,6,6
4977,1748,8615,6509,4231,6932,0,0,1,6,7
4912,1748,4977,8615,6509,3057,0,0,0,2,1
3628,1747,4912,4977,8615,3356,0,0,0,2,2
2487,1746,3628,4912,4977,3329,0,0,0,2,3
3363,1746,2487,3628,4912,4231,0,0,0,2,4
3575,1745,3363,2487,3628,6509,0,0,0,2,5
5184,1744,3575,3363,2487,8615,0,0,1,6,6
3019,1743,5184,3575,3363,4977,1,0,1,6,7
2255,1743,3019,5184,3575,4912,0,0,0,2,1
3050,1742,2255,3019,5184,3628,0,0,0,1,2
1950,1741,3050,2255,3019,2487,0,0,0,1,3
3427,1741,1950,3050,2255,3363,0,0,0,1,4
3435,1740,3427,1950,3050,3575,1,0,0,1,5
5518,1739,3435,3427,1950,5184,0,0,1,6,6
4240,1739,5518,3435,3427,3019,0,0,1,6,7
2800,1738,4240,5518,3435,2255,0,0,0,1,1
2285,1737,2800,4240,5518,3050,0,0,0,1,2
1765,1736,2285,2800,4240,1950,0,0,0,1,3
1912,1736,1765,2285,2800,3427,0,0,0,1,4
2765,1735,1912,1765,2285,3435,0,0,0,1,5
6691,1734,2765,1912,1765,5518,0,0,1,6,6
2190,1734,6691,2765,1912,4240,0,0,1,6,7
1624,1733,2190,6691,2765,2800,0,0,0,1,1
2016,1732,1624,2190,6691,2285,0,0,0,1,2
2175,1731,2016,1624,2190,1765,0,0,0,1,3
2706,1731,2175,2016,1624,1912,0,0,0,1,4
2781,1730,2706,2175,2016,2765,0,0,0,1,5
7755,1729,2781,2706,2175,6691,0,0,1,6,6
3424,1729,7755,2781,2706,2190,0,0,1,6,7
1494,1728,3424,7755,2781,1624,0,0,0,1,1
1285,1727,1494,3424,7755,2016,0,0,0,1,2
1015,1727,1285,1494,3424,2175,0,0,0,1,3
1811,1726,1015,1285,1494,2706,0,0,0,1,4
2707,1725,1811,1015,1285,2781,0,0,0,1,5
5957,1724,2707,1811,1015,7755,0,0,1,6,6
3336,1724,5957,2707,1811,3424,0,0,1,6,7
2110,1723,3336,5957,2707,1494,0,0,0,1,1
2249,1722,2110,3336,5957,1285,0,0,0,1,2
2583,1722,2249,2110,3336,1015,0,0,0,1,3
4680,1721,2583,2249,2110,1811,0,0,0,1,4
8967,1720,4680,2583,2249,2707,0,1,0,1,5
15257,1719,8967,4680,2583,5957,0,1,1,6,6
3460,1719,15257,8967,4680,3336,0,1,1,6,7
1344,1718,3460,15257,8967,2110,0,0,0,1,1
1197,1717,1344,3460,15257,2249,0,0,0,1,2
1536,1717,1197,1344,3460,2583,0,0,0,1,3
2045,1716,1536,1197,1344,4680,0,0,0,1,4
2709,1715,2045,1536,1197,8967,0,0,0,1,5
4695,1715,2709,2045,1536,15257,0,0,1,6,6
1910,1714,4695,2709,2045,3460,0,0,1,6,7
1230,1713,1910,4695,2709,1344,1,0,0,1,1
1395,1712,1230,1910,4695,1197,0,0,0,1,2
1839,1712,1395,1230,1910,1536,0,0,0,1,3
1679,1711,1839,1395,1230,2045,0,0,0,1,4
2384,1710,1679,1839,1395,2709,0,0,0,1,5
5571,1710,2384,1679,1839,4695,0,0,1,6,6
3144,1709,5571,2384,1679,1910,0,0,1,6,7
2869,1708,3144,5571,2384,1230,0,0,0,1,1
2493,1707,2869,3144,5571,1395,1,0,0,1,2
2131,1707,2493,2869,3144,1839,1,0,0,1,3
2302,1706,2131,2493,2869,1679,1,0,0,1,4
2716,1705,2302,2131,2493,2384,1,0,0,1,5
5090,1705,2716,2302,2131,5571,0,0,1,6,6
5607,1704,5090,2716,2302,3144,0,0,1,6,7
3548,1703,5607,5090,2716,2869,0,0,0,1,1
3271,1703,3548,5607,5090,2493,0,0,0,1,2
2046,1702,3271,3548,5607,2131,0,0,0,1,3
1924,1701,2046,3271,3548,2302,0,0,0,1,4
2291,1700,1924,2046,3271,2716,0,0,0,1,5
4535,1700,2291,1924,2046,5090,1,0,1,6,6
3376,1699,4535,2291,1924,5607,0,0,1,6,7
2634,1698,3376,4535,2291,3548,0,0,0,1,1
4013,1698,2634,3376,4535,3271,0,0,0,1,2
4340,1697,4013,2634,3376,2046,0,0,0,1,3
4202,1696,4340,4013,2634,1924,0,0,0,1,4
4399,1695,4202,4340,4013,2291,0,0,0,1,5
2540,1695,4399,4202,4340,4535,0,0,1,6,6
2091,1694,2540,4399,4202,3376,0,0,1,6,7
7962,1693,2091,2540,4399,2634,0,1,1,6,1
32910,1693,7962,2091,2540,4013,0,1,1,6,2
48306,1692,32910,7962,2091,4340,0,1,1,6,3
38642,1691,48306,32910,7962,4202,0,1,1,6,4
28387,1690,38642,48306,32910,4399,0,1,1,6,5
17654,1690,28387,38642,48306,2540,1,1,1,6,6
13993,1689,17654,28387,38642,2091,0,1,1,6,7
14341,1688,13993,17654,28387,7962,0,1,1,6,1
14684,1688,14341,13993,17654,32910,0,0,0,1,2
14442,1687,14684,14341,13993,48306,0,0,0,1,3
12362,1686,14442,14684,14341,38642,0,0,0,1,4
10574,1686,12362,14442,14684,28387,0,0,0,1,5
11751,1685,10574,12362,14442,17654,0,0,1,1,6
6573,1684,11751,10574,12362,13993,1,0,1,6,7
1431,1683,6573,11751,10574,14341,0,0,0,1,1
2132,1683,1431,6573,11751,14684,0,0,0,1,2
3282,1682,2132,1431,6573,14442,0,0,0,1,3
3574,1681,3282,2132,1431,12362,0,0,0,1,4
4395,1681,3574,3282,2132,10574,0,0,0,1,5
9631,1680,4395,3574,3282,11751,0,0,1,6,6
5610,1679,9631,4395,3574,6573,0,0,1,6,7
4034,1678,5610,9631,4395,1431,0,0,0,1,1
2203,1678,4034,5610,9631,2132,0,0,0,2,2
3084,1677,2203,4034,5610,3282,0,0,0,2,3
3274,1676,3084,2203,4034,3574,0,0,0,2,4
3054,1676,3274,3084,2203,4395,0,0,0,2,5
7107,1675,3054,3274,3084,9631,0,0,1,6,6
5385,1674,7107,3054,3274,5610,0,0,1,6,7
2976,1674,5385,7107,3054,4034,1,0,0,2,1
1446,1673,2976,5385,7107,2203,1,0,0,2,2
1548,1672,1446,2976,5385,3084,0,0,0,2,3
2681,1671,1548,1446,2976,3274,0,0,0,2,4
4544,1671,2681,1548,1446,3054,0,0,0,2,5
11088,1670,4544,2681,1548,7107,0,0,1,6,6
5023,1669,11088,4544,2681,5385,0,0,1,6,7
3976,1669,5023,11088,4544,2976,0,0,0,2,1
3795,1668,3976,5023,11088,1446,0,0,0,2,2
4073,1667,3795,3976,5023,1548,0,0,0,2,3
4201,1666,4073,3795,3976,2681,0,0,0,2,4
4488,1666,4201,4073,3795,4544,0,0,0,2,5
13024,1665,4488,4201,4073,11088,0,0,1,6,6
9905,1664,13024,4488,4201,5023,0,0,1,6,7
5374,1664,9905,13024,4488,3976,0,0,0,2,1
5201,1663,5374,9905,13024,3795,0,0,0,2,2
5122,1662,5201,5374,9905,4073,0,0,0,2,3
8116,1662,5122,5201,5374,4201,0,0,0,2,4
7992,1661,8116,5122,5201,4488,0,0,0,2,5
15958,1660,7992,8116,5122,13024,0,0,1,6,6
13628,1659,15958,7992,8116,9905,0,0,1,6,7
8208,1659,13628,15958,7992,5374,1,0,0,2,1
6394,1658,8208,13628,15958,5201,1,0,0,2,2
4679,1657,6394,8208,13628,5122,1,0,0,2,3
6628,1657,4679,6394,8208,8116,0,0,0,2,4
7992,1656,6628,4679,6394,7992,1,0,0,3,5
13565,1655,7992,6628,4679,15958,1,1,1,6,6
16782,1654,13565,7992,6628,13628,0,1,1,6,7
9065,1654,16782,13565,7992,8208,0,1,0,3,1
4439,1653,9065,16782,13565,6394,1,0,0,3,2
3519,1652,4439,9065,16782,4679,0,0,0,3,3
5893,1652,3519,4439,9065,6628,0,0,0,3,4
9108,1651,5893,3519,4439,7992,0,0,0,3,5
16405,1650,9108,5893,3519,13565,0,0,1,6,6
14076,1650,16405,9108,5893,16782,0,0,1,3,7
9436,1649,14076,16405,9108,9065,0,0,0,3,1
8445,1648,9436,14076,16405,4439,0,0,0,3,2
9694,1647,8445,9436,14076,3519,0,0,0,3,3
9608,1647,9694,8445,9436,5893,1,0,0,3,4
8796,1646,9608,9694,8445,9108,1,0,0,3,5
12935,1645,8796,9608,9694,16405,0,0,1,6,6
15135,1645,12935,8796,9608,14076,0,0,1,6,7
9785,1644,15135,12935,8796,9436,0,0,0,3,1
10523,1643,9785,15135,12935,8445,1,0,0,3,2
5566,1642,10523,9785,15135,9694,0,0,0,3,3
9197,1642,5566,10523,9785,9608,0,0,0,3,4
9304,1641,9197,5566,10523,8796,0,0,0,3,5
13943,1640,9304,9197,5566,12935,0,0,1,6,6
14008,1640,13943,9304,9197,15135,0,0,1,6,7
7764,1639,14008,13943,9304,9785,1,0,0,3,1
5563,1638,7764,14008,13943,10523,0,0,0,3,2
7856,1638,5563,7764,14008,5566,0,0,0,3,3
11054,1637,7856,5563,7764,9197,0,0,0,3,4
13788,1636,11054,7856,5563,9304,0,1,0,3,5
20347,1635,13788,11054,7856,13943,0,1,1,6,6
31561,1635,20347,13788,11054,14008,1,1,1,6,7
8223,1634,31561,20347,13788,7764,0,0,0,3,1
7441,1633,8223,31561,20347,5563,0,0,0,3,2
6276,1633,7441,8223,31561,7856,1,0,0,3,3
5180,1632,6276,7441,8223,11054,1,0,0,3,4
6394,1631,5180,6276,7441,13788,1,0,0,3,5
8941,1630,6394,5180,6276,20347,1,0,1,6,6
6931,1630,8941,6394,5180,31561,1,0,1,6,7
4480,1629,6931,8941,6394,8223,0,0,0,3,1
6493,1628,4480,6931,8941,7441,0,0,0,3,2
11312,1628,6493,4480,6931,6276,0,0,0,3,3
9350,1627,11312,6493,4480,5180,0,0,0,3,4
9009,1626,9350,11312,6493,6394,0,0,0,3,5
21325,1626,9009,9350,11312,8941,1,0,1,6,6
7635,1625,21325,9009,9350,6931,0,0,1,6,7
7955,1624,7635,21325,9009,4480,0,0,0,3,1
7442,1623,7955,7635,21325,6493,0,0,0,3,2
9315,1623,7442,7955,7635,11312,0,0,0,3,3
8457,1622,9315,7442,7955,9350,1,0,0,3,4
5290,1621,8457,9315,7442,9009,0,0,0,3,5
11266,1621,5290,8457,9315,21325,0,0,1,6,6
9402,1620,11266,5290,8457,7635,0,0,1,6,7
5353,1619,9402,11266,5290,7955,0,0,0,3,1
7072,1618,5353,9402,11266,7442,0,0,0,3,2
5740,1618,7072,5353,9402,9315,1,0,0,3,3
4353,1617,5740,7072,5353,8457,1,0,0,3,4
5991,1616,4353,5740,7072,5290,0,0,0,3,5
8049,1616,5991,4353,5740,11266,0,0,1,6,6
8620,1615,8049,5991,4353,9402,0,0,1,6,7
4844,1614,8620,8049,5991,5353,1,0,0,3,1
3842,1613,4844,8620,8049,7072,1,0,0,3,2
2219,1613,3842,4844,8620,5740,1,0,0,2,3
3366,1612,2219,3842,4844,4353,1,0,0,2,4
3619,1611,3366,2219,3842,5991,0,0,0,2,5
11475,1611,3619,3366,2219,8049,0,0,1,6,6
11971,1610,11475,3619,3366,8620,1,0,1,6,7
7169,1609,11971,11475,3619,4844,1,0,0,2,1
7004,1609,7169,11971,11475,3842,1,0,0,2,2
6572,1608,7004,7169,11971,2219,0,0,0,2,3
10726,1607,6572,7004,7169,3366,1,1,0,2,4
19852,1606,10726,6572,7004,3619,1,1,0,2,5
7005,1606,19852,10726,6572,11475,0,1,1,6,6
3041,1605,7005,19852,10726,11971,0,0,1,6,7
6225,1604,3041,7005,19852,7169,0,0,0,2,1
6931,1604,6225,3041,7005,7004,1,0,0,2,2
6077,1603,6931,6225,3041,6572,1,0,0,2,3
7000,1602,6077,6931,6225,10726,0,0,0,2,4
7423,1601,7000,6077,6931,19852,1,0,0,2,5
10525,1601,7423,7000,6077,7005,1,0,1,6,6
7000,1600,10525,7423,7000,3041,1,0,1,6,7
6523,1599,7000,10525,7423,6225,1,0,0,2,1
6341,1599,6523,7000,10525,6931,1,0,0,2,2
6048,1598,6341,6523,7000,6077,0,0,0,2,3
6979,1597,6048,6341,6523,7000,1,0,0,2,4
6273,1597,6979,6048,6341,7423,1,0,0,2,5
8899,1596,6273,6979,6048,10525,1,0,1,6,6
6377,1595,8899,6273,6979,7000,1,0,1,6,7
4829,1594,6377,8899,6273,6523,1,0,0,2,1
3532,1594,4829,6377,8899,6341,1,0,0,2,2
3940,1593,3532,4829,6377,6048,1,0,0,2,3
6184,1592,3940,3532,4829,6979,1,0,0,2,4
6368,1592,6184,3940,3532,6273,1,0,0,4,5
10776,1591,6368,6184,3940,8899,1,0,1,6,6
6314,1590,10776,6368,6184,6377,1,0,1,6,7
6051,12205,6314,10776,6368,4829,0,0,0,4,1
6583,11804,6051,6314,10776,3532,0,0,0,4,2
7255,12411,6583,6051,6314,3940,0,0,0,4,3
7025,12823,7255,6583,6051,6184,0,0,0,4,4
6645,12821,7025,7255,6583,6368,0,0,0,4,5
7596,15376,6645,7025,7255,10776,0,0,1,6,6
5103,7842,7596,6645,7025,6314,1,0,1,6,7
4136,8060,5103,7596,6645,6051,0,0,0,4,1
5603,1536,4136,5103,7596,6583,0,0,0,4,2
5884,1867,5603,4136,5103,7255,1,0,0,4,3
5205,3220,5884,5603,4136,7025,0,0,0,4,4
5343,3094,5205,5884,5603,6645,0,0,0,4,5
8717,5469,5343,5205,5884,7596,0,0,1,6,6
8427,5361,8717,5343,5205,5103,0,0,1,6,7
6826,3898,8427,8717,5343,4136,0,0,0,4,1
8831,5929,6826,8427,8717,5603,0,0,0,4,2
9124,5507,8831,6826,8427,5884,0,0,0,4,3
8615,6104,9124,8831,6826,5205,0,0,0,4,4
9209,4810,8615,9124,8831,5343,0,0,0,4,5
16225,9829,9209,8615,9124,8717,0,0,1,6,6
12461,9229,16225,9209,8615,8427,0,0,1,6,7
10320,6001,12461,16225,9209,6826,0,0,0,4,1
9111,6136,10320,12461,16225,8831,0,0,0,4,2
9544,6315,9111,10320,12461,9124,0,0,0,4,3
9550,6127,9544,9111,10320,8615,0,0,0,4,4
9296,5897,9550,9544,9111,9209,0,0,0,4,5
14533,9231,9296,9550,9544,16225,0,0,1,6,6
12087,7221,14533,9296,9550,12461,0,0,1,6,7
10185,5356,12087,14533,9296,10320,0,0,0,4,1
9157,6650,10185,12087,14533,9111,0,0,0,4,2
9366,5506,9157,10185,12087,9544,0,0,0,4,3
10012,5255,9366,9157,10185,9550,0,0,0,4,4
9833,7049,10012,9366,9157,9296,0,0,0,4,5
18232,11172,9833,10012,9366,14533,0,0,1,6,6
14947,8769,18232,9833,10012,12087,0,0,1,6,7
12564,7090,14947,18232,9833,10185,0,0,0,4,1
11870,8479,12564,14947,18232,9157,1,0,0,4,2
13676,7854,11870,12564,14947,9366,1,0,0,4,3
13208,7823,13676,11870,12564,10012,0,0,0,4,4
12729,8038,13208,13676,11870,9833,0,0,0,4,5
22814,15367,12729,13208,13676,18232,0,0,1,6,6
15948,8701,22814,12729,13208,14947,0,0,1,6,7
11928,8847,15948,22814,12729,12564,0,0,0,4,1
11411,5734,11928,15948,22814,11870,0,0,0,4,2
13216,7704,11411,11928,15948,13676,0,0,0,4,3
11029,8307,13216,11411,11928,13208,0,0,0,4,4
11630,6435,11029,13216,11411,12729,0,0,0,4,5
21169,12171,11630,11029,13216,22814,0,0,1,6,6
14646,10673,21169,11630,11029,15948,0,0,1,6,7
11401,5233,14646,21169,11630,11928,0,0,0,4,1
12625,5327,11401,14646,21169,11411,0,0,0,4,2
14180,10248,12625,11401,14646,13216,0,0,0,4,3
11920,5877,14180,12625,11401,11029,1,0,0,4,4
11294,5616,11920,14180,12625,11630,1,0,0,4,5
20291,12583,11294,11920,14180,21169,0,0,1,6,6
13809,7070,20291,11294,11920,14646,0,0,1,6,7
8626,3672,13809,20291,11294,11401,0,0,0,4,1
8721,4470,8626,13809,20291,12625,1,0,0,4,2
6923,3035,8721,8626,13809,14180,1,0,0,4,3
6354,2806,6923,8721,8626,11920,0,0,0,5,4
6655,2879,6354,6923,8721,11294,0,0,0,5,5
9796,4668,6655,6354,6923,20291,0,0,1,6,6
8082,4414,9796,6655,6354,13809,0,0,1,6,7
5294,2540,8082,9796,6655,8626,1,0,0,5,1
4323,2208,5294,8082,9796,8721,0,0,0,5,2
5505,3442,4323,5294,8082,6923,0,0,0,5,3
6847,3774,5505,4323,5294,6354,0,0,0,5,4
6135,5266,6847,5505,4323,6655,0,0,0,5,5
11027,5981,6135,6847,5505,9796,0,0,1,6,6
7793,4892,11027,6135,6847,8082,0,0,1,6,7
7048,4336,7793,11027,6135,5294,0,0,0,5,1
5373,2673,7048,7793,11027,4323,0,0,0,5,2
4264,2267,5373,7048,7793,5505,0,1,0,5,3
6718,3552,4264,5373,7048,6847,0,1,0,5,4
9927,5100,6718,4264,5373,6135,0,1,0,5,5
6678,3407,9927,6718,4264,11027,1,0,1,6,6
5312,3167,6678,9927,6718,7793,1,0,1,6,7
5594,3610,5312,6678,9927,7048,1,0,0,5,1
7155,4685,5594,5312,6678,5373,1,0,0,5,2
8853,6324,7155,5594,5312,4264,0,0,0,5,3
8919,5094,8853,7155,5594,6718,0,0,0,5,4
9248,6666,8919,8853,7155,9927,0,0,0,5,5
18499,9120,9248,8919,8853,6678,0,0,1,6,6
11907,6942,18499,9248,8919,5312,0,0,1,6,7
8158,3714,11907,18499,9248,5594,0,0,0,5,1
6258,4067,8158,11907,18499,7155,0,0,0,5,2
4704,2681,6258,8158,11907,8853,0,0,0,5,3
3467,1927,4704,6258,8158,8919,0,0,0,5,4
3901,2877,3467,4704,6258,9248,0,0,0,5,5
7045,3327,3901,3467,4704,18499,0,1,1,6,6
23890,11288,7045,3901,3467,11907,0,1,1,6,7
33006,17463,23890,7045,3901,8158,0,1,1,6,1
41940,17834,33006,23890,7045,6258,0,1,1,6,2
27869,13694,41940,33006,23890,4704,0,1,1,6,3
14638,5784,27869,41940,33006,3467,0,1,1,6,4
4941,1899,14638,27869,41940,3901,0,1,1,6,5
4327,1982,4941,14638,27869,7045,0,0,0,5,6
6887,3573,4327,4941,14638,23890,0,0,0,5,7
6136,2818,6887,4327,4941,33006,0,0,0,5,1
7111,4578,6136,6887,4327,41940,1,0,0,5,2
8005,5318,7111,6136,6887,27869,0,0,0,5,3
7876,4244,8005,7111,6136,14638,0,0,0,5,4
7485,3595,7876,8005,7111,4941,0,0,0,5,5
15254,7043,7485,7876,8005,4327,1,0,1,6,6
11431,5603,15254,7485,7876,6887,0,0,1,6,7
7808,3440,11431,15254,7485,6136,0,0,0,5,1
8547,4452,7808,11431,15254,7111,0,0,0,5,2
8400,4204,8547,7808,11431,8005,0,0,0,5,3
9467,4709,8400,8547,7808,7876,0,0,0,5,4
8440,4267,9467,8400,8547,7485,0,0,0,5,5
9732,4960,8440,9467,8400,15254,0,0,1,6,6
6859,3859,9732,8440,9467,11431,0,0,1,6,7
7014,3339,6859,9732,8440,7808,0,0,0,5,1
5789,2767,7014,6859,9732,8547,0,0,0,5,2
6298,3345,5789,7014,6859,8400,0,0,0,5,3
7028,3274,6298,5789,7014,9467,1,0,0,5,4
5389,2481,7028,6298,5789,8440,0,0,0,5,5
8295,3837,5389,7028,6298,9732,0,0,1,6,6
7666,3686,8295,5389,7028,6859,0,0,1,6,7
3224,1518,7666,8295,5389,7014,0,0,0,5,1
4230,1755,3224,7666,8295,5789,0,0,0,2,2
5377,2126,4230,3224,7666,6298,0,0,0,2,3
7539,3370,5377,4230,3224,7028,0,0,0,2,4
8320,3622,7539,5377,4230,5389,0,0,0,2,5
14161,5865,8320,7539,5377,8295,0,0,1,6,6
9424,4202,14161,8320,7539,7666,0,0,1,6,7
3752,1985,9424,14161,8320,3224,0,0,0,2,1
3143,1930,3752,9424,14161,4230,0,0,0,2,2
4330,2133,3143,3752,9424,5377,0,0,0,2,3
5423,2792,4330,3143,3752,7539,0,0,0,2,4
5203,2844,5423,4330,3143,8320,0,0,0,2,5
13960,4719,5203,5423,4330,14161,1,0,1,6,6
5717,2261,13960,5203,5423,9424,0,0,1,6,7
3030,1311,5717,13960,5203,3752,0,0,0,2,1
3648,1992,3030,5717,13960,3143,0,0,0,2,2
2792,1403,3648,3030,5717,4330,0,0,0,2,3
3499,1717,2792,3648,3030,5423,0,0,0,2,4
3879,1466,3499,2792,3648,5203,0,0,0,2,5
6472,2508,3879,3499,2792,13960,0,0,1,6,6
4412,2212,6472,3879,3499,5717,0,0,1,6,7
2107,1031,4412,6472,3879,3030,0,0,0,2,1
2073,911,2107,4412,6472,3648,0,0,0,2,2
1978,1062,2073,2107,4412,2792,0,0,0,2,3
4828,2253,1978,2073,2107,3499,0,0,0,2,4
3874,1406,4828,1978,2073,3879,0,0,0,2,5
8275,3183,3874,4828,1978,6472,0,0,1,6,6
8705,3646,8275,3874,4828,4412,0,0,1,6,7
3255,1370,8705,8275,3874,2107,0,0,0,2,1
3051,1258,3255,8705,8275,2073,0,0,0,2,2
3733,1464,3051,3255,8705,1978,0,0,0,2,3
3228,635,3733,3051,3255,4828,0,0,0,1,4
3520,273,3228,3733,3051,3874,0,0,0,1,5
8277,497,3520,3228,3733,8275,0,0,1,6,6
4138,384,8277,3520,3228,8705,0,0,1,6,7
2447,220,4138,8277,3520,3255,0,0,0,1,1
2253,171,2447,4138,8277,3051,0,0,0,1,2
2556,138,2253,2447,4138,3733,0,0,0,1,3
2614,226,2556,2253,2447,3228,0,0,0,1,4
2992,204,2614,2556,2253,3520,0,0,0,1,5
6449,241,2992,2614,2556,8277,1,0,1,6,6
4518,278,6449,2992,2614,4138,0,0,1,6,7
2052,117,4518,6449,2992,2447,0,0,0,1,1
1107,60,2052,4518,6449,2253,0,0,0,1,2
6042,107,1107,2052,4518,2556,0,0,0,1,3
8988,223,6042,1107,2052,2614,0,0,0,1,4
11718,196,8988,6042,1107,2992,0,0,0,1,5
35087,135,11718,8988,6042,6449,0,0,1,6,6
34414,161,35087,11718,8988,4518,0,0,1,6,7
16852,95,34414,35087,11718,2052,0,0,0,1,1
6646,51,16852,34414,35087,1107,0,0,0,1,2
1108,61,6646,16852,34414,6042,1,0,0,1,3
2196,203,1108,6646,16852,8988,0,0,0,1,4
2596,71,2196,1108,6646,11718,0,0,0,1,5
5778,45,2596,2196,1108,35087,0,0,1,6,6
2675,107,5778,2596,2196,34414,0,0,1,6,7
1701,1466,2675,5778,2596,16852,0,0,0,1,1
1928,1465,1701,2675,5778,6646,0,0,0,1,2
2620,83,1928,1701,2675,1108,0,0,0,1,3
3039,245,2620,1928,1701,2196,0,0,0,1,4
3708,110,3039,2620,1928,2596,0,0,0,1,5
8575,510,3708,3039,2620,5778,0,1,1,6,6
13346,3685,8575,3708,3039,2675,0,1,1,6,7
3621,991,13346,8575,3708,1701,0,1,0,1,1
1616,480,3621,13346,8575,1928,1,0,0,1,2
1490,364,1616,3621,13346,2620,0,0,0,1,3
1147,366,1490,1616,3621,3039,0,0,0,1,4
895,654,1147,1490,1616,3708,0,0,0,1,5
2253,436,895,1147,1490,8575,0,0,1,6,6
2629,697,2253,895,1147,13346,0,0,1,6,7
2198,460,2629,2253,895,3621,0,0,0,1,1
1498,268,2198,2629,2253,1616,0,0,0,1,2
1230,304,1498,2198,2629,1490,0,0,0,1,3
1886,423,1230,1498,2198,1147,0,0,0,1,4
2597,563,1886,1230,1498,895,0,0,0,1,5
5739,1918,2597,1886,1230,2253,0,0,1,6,6
4223,1201,5739,2597,1886,2629,0,0,1,6,7
3127,651,4223,5739,2597,2198,0,0,0,1,1
2980,790,3127,4223,5739,1498,0,0,0,1,2
2130,684,2980,3127,4223,1230,0,0,0,1,3
2817,779,2130,2980,3127,1886,0,0,0,1,4
3639,912,2817,2130,2980,2597,0,0,0,1,5
4825,981,3639,2817,2130,5739,0,0,1,6,6
5745,847,4825,3639,2817,4223,0,0,1,6,7
5333,563,5745,4825,3639,3127,0,0,0,1,1
5371,1182,5333,5745,4825,2980,0,0,0,1,2
4428,811,5371,5333,5745,2130,0,0,0,1,3
3206,668,4428,5371,5333,2817,0,0,0,1,4
2153,220,3206,4428,5371,3639,0,0,1,6,5
7792,1548,2153,3206,4428,4825,0,1,1,6,6
26284,7717,7792,2153,3206,5745,0,1,1,6,7
40538,14771,26284,7792,2153,5333,0,1,1,6,1
41091,16775,40538,26284,7792,5371,0,1,1,6,2
33162,14694,41091,40538,26284,4428,0,1,1,6,3
24674,9212,33162,41091,40538,3206,0,1,1,6,4
16126,7416,24674,33162,41091,2153,0,1,1,6,5
8793,3233,16126,24674,33162,7792,0,1,1,6,6
19693,5485,8793,16126,24674,26284,0,0,1,6,7
19584,5141,19693,8793,16126,40538,1,0,0,1,1
17261,4789,19584,19693,8793,41091,0,0,0,1,2
6798,2881,17261,19584,19693,33162,0,0,0,1,3
11027,2837,6798,17261,19584,24674,0,0,0,1,4
13366,2332,11027,6798,17261,16126,0,0,0,1,5
11499,1967,13366,11027,6798,8793,0,0,1,6,6
5846,1498,11499,13366,11027,19693,0,0,1,6,7
3351,1162,5846,11499,13366,19584,0,0,0,1,1
3878,1429,3351,5846,11499,17261,0,0,0,1,2
4112,1850,3878,3351,5846,6798,0,0,0,1,3
4066,1349,4112,3878,3351,11027,0,0,0,1,4
3461,1493,4066,4112,3878,13366,0,0,0,1,5
7015,2685,3461,4066,4112,11499,0,0,1,6,6
5195,2405,7015,3461,4066,5846,0,0,1,6,7
1849,795,5195,7015,3461,3351,0,0,0,1,1
2225,847,1849,5195,7015,3878,0,0,0,1,2
1807,798,2225,1849,5195,4112,0,0,0,1,3
2272,859,1807,2225,1849,4066,0,0,0,1,4
3241,1081,2272,1807,2225,3461,0,0,0,1,5
8210,3355,3241,2272,1807,7015,0,0,1,6,6
6092,3060,8210,3241,2272,5195,0,0,1,6,7
3001,1377,6092,8210,3241,1849,0,0,0,1,1
3951,1799,3001,6092,8210,2225,0,0,0,1,2
2292,971,3951,3001,6092,1807,0,0,0,2,3
3193,1538,2292,3951,3001,2272,0,0,0,2,4
3489,1653,3193,2292,3951,3241,0,0,0,2,5
5239,2315,3489,3193,2292,8210,0,0,1,6,6
3104,1577,5239,3489,3193,6092,0,0,1,6,7
2547,1198,3104,5239,3489,3001,0,0,0,2,1
3776,1890,2547,3104,5239,3951,0,0,0,2,2
4839,2402,3776,2547,3104,2292,0,0,0,2,3
4455,2219,4839,3776,2547,3193,0,0,0,2,4
4268,1967,4455,4839,3776,3489,1,0,0,2,5
7817,4011,4268,4455,4839,5239,1,0,1,6,6
3548,1180,7817,4268,4455,3104,0,0,1,6,7
2444,1275,3548,7817,4268,2547,0,0,0,2,1
5642,2676,2444,3548,7817,3776,0,0,0,2,2
3274,1615,5642,2444,3548,4839,0,0,0,2,3
4165,2083,3274,5642,2444,4455,0,0,0,2,4
4978,2418,4165,3274,5642,4268,0,0,0,2,5
13495,6029,4978,4165,3274,7817,0,0,1,6,6
6456,3026,13495,4978,4165,3548,0,0,1,6,7
4323,1878,6456,13495,4978,2444,0,0,0,2,1
8558,3057,4323,6456,13495,5642,0,0,0,2,2
4311,1650,8558,4323,6456,3274,1,0,0,2,3
8421,3244,4311,8558,4323,4165,0,0,0,2,4
6307,2756,8421,4311,8558,4978,0,0,0,2,5
21688,5681,6307,8421,4311,13495,0,0,1,6,6
18764,3557,21688,6307,8421,6456,0,0,1,6,7
7239,3098,18764,21688,6307,4323,0,0,0,2,1
7588,3690,7239,18764,21688,8558,1,0,0,2,2
5593,2437,7588,7239,18764,4311,0,0,0,2,3
5077,2851,5593,7588,7239,8421,0,0,0,2,4
6211,2131,5077,5593,7588,6307,0,0,0,2,5
10485,4018,6211,5077,5593,21688,0,0,1,6,6
19770,6859,10485,6211,5077,18764,0,1,1,6,7
35564,14741,19770,10485,6211,7239,0,1,0,3,1
11294,5040,35564,19770,10485,7588,1,1,0,3,2
5175,1668,11294,35564,19770,5593,0,0,0,3,3
4423,1985,5175,11294,35564,5077,0,0,0,3,4
5556,2723,4423,5175,11294,6211,0,0,0,3,5
11966,6849,5556,4423,5175,10485,0,0,1,6,6
7342,4122,11966,5556,4423,19770,0,0,1,6,7
4316,2313,7342,11966,5556,35564,0,0,0,3,1
8478,5053,4316,7342,11966,11294,0,0,0,3,2
10110,5231,8478,4316,7342,5175,0,0,0,3,3
10696,5323,10110,8478,4316,4423,0,0,0,3,4
11486,6382,10696,10110,8478,5556,1,0,0,3,5
20359,10749,11486,10696,10110,11966,0,0,1,6,6
10098,6128,20359,11486,10696,7342,0,0,1,6,7
6015,2946,10098,20359,11486,4316,0,0,0,3,1
11262,5479,6015,10098,20359,8478,0,0,0,3,2
9805,5717,11262,6015,10098,10110,0,0,0,3,3
8874,4827,9805,11262,6015,10696,0,0,0,3,4
11101,5809,8874,9805,11262,11486,0,0,0,3,5
25928,14357,11101,8874,9805,20359,0,0,1,6,6
17740,10634,25928,11101,8874,10098,1,0,1,6,7
9735,5392,17740,25928,11101,6015,0,0,0,3,1
7546,4320,9735,17740,25928,11262,0,0,0,3,2
6885,4132,7546,9735,17740,9805,1,0,0,3,3
10709,5335,6885,7546,9735,8874,0,0,0,3,4
10784,4112,10709,6885,7546,11101,0,0,0,3,5
16922,5715,10784,10709,6885,25928,1,1,1,6,6
31739,13591,16922,10784,10709,17740,1,1,1,6,7
10078,4056,31739,16922,10784,9735,1,1,0,3,1
5196,1800,10078,31739,16922,7546,0,0,0,3,2
5579,2314,5196,10078,31739,6885,0,0,0,3,3
4779,2187,5579,5196,10078,10709,0,0,0,3,4
8294,3958,4779,5579,5196,10784,0,0,0,3,5
14306,7849,8294,4779,5579,16922,1,0,1,6,6
8030,4444,14306,8294,4779,31739,0,0,1,6,7
2637,2209,8030,14306,8294,10078,0,0,0,3,1
10341,5072,2637,8030,14306,5196,1,0,0,3,2
8592,5724,10341,2637,8030,5579,1,0,0,3,3
7207,4050,8592,10341,2637,4779,0,0,0,3,4
6997,4093,7207,8592,10341,8294,0,0,0,3,5
20381,11584,6997,7207,8592,14306,1,0,1,6,6
12138,4949,20381,6997,7207,8030,1,0,1,6,7
5881,3645,12138,20381,6997,2637,0,0,0,3,1
6111,3517,5881,12138,20381,10341,0,0,0,3,2
8901,4981,6111,5881,12138,8592,0,0,0,3,3
7308,3813,8901,6111,5881,7207,1,0,0,3,4
10326,3927,7308,8901,6111,6997,1,0,0,3,5
20825,7767,10326,7308,8901,20381,0,0,1,6,6
14247,4342,20825,10326,7308,12138,1,0,1,6,7
5023,2730,14247,20825,10326,5881,0,0,0,3,1
3331,2265,5023,14247,20825,6111,0,0,0,3,2
7808,5281,3331,5023,14247,8901,0,0,0,3,3
8021,4163,7808,3331,5023,7308,0,0,0,3,4
5435,2238,8021,7808,3331,10326,0,0,0,3,5
9106,4458,5435,8021,7808,20825,0,0,1,6,6
13572,5353,9106,5435,8021,14247,0,1,1,6,7
19619,9443,13572,9106,5435,5023,1,1,0,3,1
5989,2833,19619,13572,9106,3331,1,1,0,3,2
3444,1567,5989,19619,13572,7808,0,0,0,3,3
4259,1954,3444,5989,19619,8021,1,0,0,2,4
6586,2627,4259,3444,5989,5435,0,0,0,2,5
14102,5351,6586,4259,3444,9106,1,0,1,6,6
12521,3915,14102,6586,4259,13572,0,0,1,6,7
4140,1601,12521,14102,6586,19619,0,0,0,2,1
6788,2672,4140,12521,14102,5989,0,0,0,2,2
9270,3349,6788,4140,12521,3444,1,0,0,2,3
7591,2772,9270,6788,4140,4259,1,0,0,2,4
5286,3070,7591,9270,6788,6586,1,0,0,2,5
10755,3557,5286,7591,9270,14102,1,0,1,6,6
7546,2783,10755,5286,7591,12521,1,0,1,6,7
3953,1485,7546,10755,5286,4140,0,0,0,2,1
5026,1540,3953,7546,10755,6788,0,0,0,2,2
9065,2360,5026,3953,7546,9270,0,0,0,2,3
11275,4448,9065,5026,3953,7591,0,0,0,2,4
9139,3589,11275,9065,5026,5286,0,0,0,2,5
21565,7046,9139,11275,9065,10755,1,0,1,6,6
18704,5076,21565,9139,11275,7546,1,0,1,6,7
6926,2300,18704,21565,9139,3953,1,0,0,2,1
8732,3047,6926,18704,21565,5026,1,0,0,2,2
7679,2820,8732,6926,18704,9065,0,0,0,2,3
5266,2250,7679,8732,6926,11275,1,0,0,2,4
7200,2352,5266,7679,8732,9139,1,0,0,2,5
10374,2971,7200,5266,7679,21565,0,0,1,6,6
12259,2905,10374,7200,5266,18704,1,0,1,6,7
6128,2322,12259,10374,7200,6926,1,0,0,2,1
8953,3044,6128,12259,10374,8732,1,0,0,2,2
9323,3405,8953,6128,12259,7679,1,0,0,2,3
5029,2800,9323,8953,6128,5266,1,0,0,2,4
5286,2490,5029,9323,8953,7200,1,0,0,2,5
10330,5402,5286,5029,9323,10374,1,0,1,6,6
8933,4871,10330,5286,5029,12259,1,0,1,6,7
6120,2976,8933,10330,5286,6128,0,0,0,4,1
5749,3241,6120,8933,10330,8953,1,0,0,4,2
7881,4529,5749,6120,8933,9323,0,0,0,4,3
8640,4288,7881,5749,6120,5029,1,0,0,4,4
8740,4620,8640,7881,5749,5286,0,0,0,4,5
16022,9530,8740,8640,7881,10330,0,0,1,6,6
11472,6319,16022,8740,8640,8933,0,0,1,6,7
5536,2937,11472,16022,8740,6120,0,0,0,4,1
7140,3691,5536,11472,16022,5749,0,0,0,4,2
9022,5599,7140,5536,11472,7881,1,0,0,4,3
9645,4925,9022,7140,5536,8640,0,0,0,4,4
8172,4345,9645,9022,7140,8740,0,0,0,4,5
14131,7978,8172,9645,9022,16022,1,0,1,6,6
11544,7011,14131,8172,9645,11472,0,0,1,6,7
8490,4012,11544,14131,8172,5536,0,0,0,4,1
8710,4437,8490,11544,14131,7140,0,0,0,4,2
9011,5237,8710,8490,11544,9022,0,0,0,4,3
8322,4448,9011,8710,8490,9645,1,0,0,4,4
8192,4422,8322,9011,8710,8172,0,0,0,4,5
13733,7677,8192,8322,9011,14131,0,0,1,6,6
10920,5763,13733,8192,8322,11544,0,0,1,6,7
7707,3954,10920,13733,8192,8490,0,0,0,4,1
7881,3894,7707,10920,13733,8710,0,0,0,4,2
8665,4514,7881,7707,10920,9011,0,0,0,4,3
8495,4464,8665,7881,7707,8322,1,0,0,4,4
8063,4454,8495,8665,7881,8192,1,0,0,4,5
12773,6883,8063,8495,8665,13733,1,0,1,6,6
11025,6004,12773,8063,8495,10920,1,0,1,6,7
9120,4062,11025,12773,8063,7707,1,0,0,4,1
7132,3405,9120,11025,12773,7881,1,0,0,4,2
9298,5331,7132,9120,11025,8665,1,0,0,4,3
10519,5588,9298,7132,9120,8495,1,0,0,4,4
11345,5824,10519,9298,7132,8063,1,0,0,4,5
17195,9910,11345,10519,9298,12773,1,0,1,6,6
14676,8135,17195,11345,10519,11025,1,0,1,6,7
11924,6042,14676,17195,11345,9120,1,0,0,4,1
11023,5688,11924,14676,17195,7132,0,0,0,4,2
10010,6328,11023,11924,14676,9298,0,0,0,4,3
13747,7612,10010,11023,11924,10519,1,0,0,4,4
12650,6929,13747,10010,11023,11345,1,0,0,4,5
19311,12694,12650,13747,10010,17195,1,0,1,6,6
15728,8926,19311,12650,13747,14676,1,0,1,6,7
12611,6507,15728,19311,12650,11924,1,0,0,4,1
12641,6730,12611,15728,19311,11023,1,0,0,4,2
13724,8154,12641,12611,15728,10010,1,0,0,4,3
13246,7241,13724,12641,12611,13747,1,0,0,4,4
13250,7612,13246,13724,12641,12650,1,0,0,4,5
22730,14053,13250,13246,13724,19311,1,0,1,6,6
15346,8832,22730,13250,13246,15728,0,0,1,6,7
11897,6333,15346,22730,13250,12611,0,0,0,4,1
13502,7489,11897,15346,22730,12641,0,0,0,4,2
16492,10450,13502,11897,15346,13724,1,0,0,4,3
13881,7308,16492,13502,11897,13246,1,0,0,4,4
10992,5852,13881,16492,13502,13250,0,0,0,4,5
19616,11046,10992,13881,16492,22730,0,0,1,6,6
15358,8978,19616,10992,13881,15346,1,0,1,6,7
9561,4746,15358,19616,10992,11897,1,0,0,4,1
6643,3534,9561,15358,19616,13502,1,0,0,4,2
6086,2981,6643,9561,15358,16492,0,0,0,4,3
4465,2054,6086,6643,9561,13881,0,0,0,4,4
4358,2439,4465,6086,6643,10992,0,0,0,5,5
8906,4808,4358,4465,6086,19616,1,0,1,6,6
7670,4246,8906,4358,4465,15358,0,0,1,6,7
5299,2937,7670,8906,4358,9561,1,0,0,5,1
4778,2572,5299,7670,8906,6643,0,0,0,5,2
4261,2750,4778,5299,7670,6086,0,0,0,5,3
5303,3034,4261,4778,5299,4465,1,0,0,5,4
5562,3635,5303,4261,4778,4358,0,0,0,5,5
20718,10471,5562,5303,4261,8906,0,0,1,6,6
13914,8939,20718,5562,5303,7670,0,0,1,6,7
6966,4023,13914,20718,5562,5299,0,0,0,5,1
9115,5145,6966,13914,20718,4778,0,0,0,5,2
13112,8164,9115,6966,13914,4261,0,0,0,5,3
10665,6699,13112,9115,6966,5303,0,0,0,5,4
12250,8003,10665,13112,9115,5562,0,0,0,5,5
29723,18609,12250,10665,13112,20718,0,0,1,6,6
18690,12059,29723,12250,10665,13914,1,0,1,6,7
6673,3761,18690,29723,12250,6966,1,0,0,5,1
6751,4195,6673,18690,29723,9115,0,0,0,5,2
4041,2557,6751,6673,18690,13112,0,0,0,5,3
6039,3247,4041,6751,6673,10665,1,0,0,5,4
7116,4183,6039,4041,6751,12250,1,0,0,5,5
10907,6449,7116,6039,4041,29723,0,0,1,6,6
8318,5051,10907,7116,6039,18690,1,0,1,6,7
5602,2802,8318,10907,7116,6673,1,0,0,5,1
4387,2144,5602,8318,10907,6751,0,0,0,5,2
3810,1960,4387,5602,8318,4041,0,0,0,5,3
3767,1508,3810,4387,5602,6039,0,0,0,5,4
5626,2604,3767,3810,4387,7116,0,0,0,5,5
5886,2006,5626,3767,3810,10907,0,0,1,6,6
10630,5169,5886,5626,3767,8318,0,1,1,6,7
32257,18438,10630,5886,5626,5602,1,1,1,6,1
37033,16312,32257,10630,5886,4387,1,1,1,6,2
25807,9802,37033,32257,10630,3810,1,1,1,6,3
21080,8193,25807,37033,32257,3767,1,1,1,6,4
27957,10911,21080,25807,37033,5626,0,1,1,6,5
15369,5721,27957,21080,25807,5886,0,1,1,6,6
6387,2295,15369,27957,21080,10630,1,0,1,6,7
5432,1838,6387,15369,27957,32257,1,0,0,5,1
5405,1889,5432,6387,15369,37033,0,0,0,5,2
5053,2102,5405,5432,6387,25807,0,0,0,5,3
4672,2292,5053,5405,5432,21080,0,0,0,5,4
6153,2792,4672,5053,5405,27957,0,0,0,5,5
9815,3987,6153,4672,5053,15369,1,0,1,5,6
6676,3497,9815,6153,4672,6387,0,0,1,5,7
4213,2034,6676,9815,6153,5432,0,0,0,5,1
5157,2501,4213,6676,9815,5405,0,0,0,5,2
7891,2892,5157,4213,6676,5053,0,0,0,5,3
9242,5090,7891,5157,4213,4672,0,0,0,5,4
10272,5165,9242,7891,5157,6153,0,0,0,5,5
15979,9461,10272,9242,7891,9815,0,0,1,5,6
11189,7446,15979,10272,9242,6676,0,0,1,5,7
7536,3826,11189,15979,10272,4213,0,0,0,5,1
8064,4889,7536,11189,15979,5157,0,0,0,5,2
7809,3975,8064,7536,11189,7891,0,0,0,5,3
7400,3453,7809,8064,7536,9242,0,0,0,5,4
7882,3052,7400,7809,8064,10272,0,0,0,5,5
15921,8338,7882,7400,7809,15979,0,0,1,5,6
10498,5635,15921,7882,7400,11189,0,0,1,5,7
6487,3290,10498,15921,7882,7536,0,0,0,5,1
6131,2622,6487,10498,15921,8064,0,0,0,5,2
8086,2281,6131,6487,10498,7809,0,0,0,2,3
10958,2736,8086,6131,6487,7400,0,0,0,2,4
11737,3260,10958,8086,6131,7882,0,0,0,2,5
28818,7298,11737,10958,8086,15921,0,0,1,6,6
26811,5850,28818,11737,10958,10498,0,0,1,6,7
11467,2996,26811,28818,11737,6487,0,0,0,2,1
12409,2850,11467,26811,28818,6131,0,0,0,2,2
9501,4488,12409,11467,26811,8086,0,0,0,2,3
8903,2988,9501,12409,11467,10958,0,0,0,2,4
7137,3440,8903,9501,12409,11737,0,0,0,2,5
16872,5440,7137,8903,9501,28818,0,0,1,6,6
14200,3458,16872,7137,8903,26811,0,0,1,6,7
6237,2829,14200,16872,7137,11467,0,0,0,2,1
6186,2243,6237,14200,16872,12409,0,0,0,2,2
6916,2354,6186,6237,14200,9501,0,0,0,2,3
4890,1867,6916,6186,6237,8903,0,0,0,2,4
3650,1326,4890,6916,6186,7137,0,0,0,2,5
14813,5489,3650,4890,6916,16872,0,0,1,6,6
12708,5784,14813,3650,4890,14200,0,0,1,6,7
5300,1945,12708,14813,3650,6237,0,0,0,2,1
3857,1432,5300,12708,14813,6186,0,0,0,2,2
3819,2027,3857,5300,12708,6916,0,0,0,2,3
4718,2026,3819,3857,5300,4890,0,0,0,2,4
3677,1633,4718,3819,3857,3650,0,0,0,2,5
7603,3518,3677,4718,3819,14813,0,0,1,6,6
5059,2477,7603,3677,4718,12708,0,0,1,6,7
3041,1601,5059,7603,3677,5300,0,0,0,2,1
2458,1418,3041,5059,7603,3857,0,0,0,2,2
2198,1265,2458,3041,5059,3819,0,0,0,2,3
1860,1388,2198,2458,3041,4718,0,0,0,2,4
3651,1636,1860,2198,2458,3677,0,0,0,1,5
6318,2922,3651,1860,2198,7603,0,0,1,6,6
4455,2332,6318,3651,1860,5059,0,0,1,6,7
2314,1132,4455,6318,3651,3041,0,0,0,1,1
2763,1397,2314,4455,6318,2458,0,0,0,1,2
2583,1054,2763,2314,4455,2198,0,0,0,1,3
2463,963,2583,2763,2314,1860,0,0,0,1,4
3037,1756,2463,2583,2763,3651,0,0,0,1,5
6499,2937,3037,2463,2583,6318,0,0,1,6,6
4095,2646,6499,3037,2463,4455,0,0,1,6,7
2242,1430,4095,6499,3037,2314,0,0,0,1,1
2383,1445,2242,4095,6499,2763,0,0,0,1,2
1722,115,2383,2242,4095,2583,0,0,0,1,3
1284,635,1722,2383,2242,2463,0,0,0,1,4
1658,709,1284,1722,2383,3037,0,0,0,1,5
4827,1121,1658,1284,1722,6499,0,0,1,6,6
3826,580,4827,1658,1284,4095,0,0,1,6,7
1898,322,3826,4827,1658,2242,0,0,0,1,1
1860,47,1898,3826,4827,2383,0,0,0,1,2
2055,85,1860,1898,3826,1722,0,0,0,1,3
1891,83,2055,1860,1898,1284,0,0,0,1,4
1908,1167,1891,2055,1860,1658,0,0,0,1,5
6224,3278,1908,1891,2055,4827,0,0,1,6,6
4800,2036,6224,1908,1891,3826,0,0,1,6,7
2264,989,4800,6224,1908,1898,0,0,0,1,1
2128,1003,2264,4800,6224,1860,0,0,0,1,2
2312,1091,2128,2264,4800,2055,0,0,0,1,3
1838,270,2312,2128,2264,1891,0,0,0,1,4
2994,323,1838,2312,2128,1908,0,0,0,1,5
6118,257,2994,1838,2312,6224,0,0,1,6,6
19163,5646,6118,2994,1838,4800,0,1,1,6,7
